{
  "Packages": [
    {
      "Package": {
        "Id": "UiPath.System.Activities",
        "Version": "18.3.6877.28276"
      },
      "Assemblies": [
        "C:\\Users\\edwin36841!\\.nuget\\packages\\csvhelper/2.13.5\\lib/net40-client/CsvHelper.dll",
        "C:\\Users\\edwin36841!\\.nuget\\packages\\microsoft.rest.clientruntime/2.3.10\\lib/net452/Microsoft.Rest.ClientRuntime.dll",
        "C:\\Users\\edwin36841!\\.nuget\\packages\\newtonsoft.json/10.0.3\\lib/net45/Newtonsoft.Json.dll",
        "C:\\Users\\edwin36841!\\.nuget\\packages\\uipath.system.activities/18.3.6877.28276\\lib/net461/ActiproSoftware.Docking.Wpf.dll",
        "C:\\Users\\edwin36841!\\.nuget\\packages\\uipath.system.activities/18.3.6877.28276\\lib/net461/ActiproSoftware.Ribbon.Wpf.dll",
        "C:\\Users\\edwin36841!\\.nuget\\packages\\uipath.system.activities/18.3.6877.28276\\lib/net461/ActiproSoftware.Shared.Wpf.dll",
        "C:\\Users\\edwin36841!\\.nuget\\packages\\uipath.system.activities/18.3.6877.28276\\lib/net461/ActiproSoftware.SyntaxEditor.Addons.DotNet.Wpf.dll",
        "C:\\Users\\edwin36841!\\.nuget\\packages\\uipath.system.activities/18.3.6877.28276\\lib/net461/ActiproSoftware.SyntaxEditor.Wpf.dll",
        "C:\\Users\\edwin36841!\\.nuget\\packages\\uipath.system.activities/18.3.6877.28276\\lib/net461/ActiproSoftware.Text.Addons.DotNet.Wpf.dll",
        "C:\\Users\\edwin36841!\\.nuget\\packages\\uipath.system.activities/18.3.6877.28276\\lib/net461/ActiproSoftware.Text.LLParser.Wpf.dll",
        "C:\\Users\\edwin36841!\\.nuget\\packages\\uipath.system.activities/18.3.6877.28276\\lib/net461/ActiproSoftware.Text.Wpf.dll",
        "C:\\Users\\edwin36841!\\.nuget\\packages\\uipath.system.activities/18.3.6877.28276\\lib/net461/ActiproSoftware.Wizard.Wpf.dll",
        "C:\\Users\\edwin36841!\\.nuget\\packages\\uipath.system.activities/18.3.6877.28276\\lib/net461/UiPath.OrchestratorClient.dll",
        "C:\\Users\\edwin36841!\\.nuget\\packages\\uipath.system.activities/18.3.6877.28276\\lib/net461/UiPath.System.Activities.Design.dll",
        "C:\\Users\\edwin36841!\\.nuget\\packages\\uipath.system.activities/18.3.6877.28276\\lib/net461/UiPath.System.Activities.dll"
      ]
    },
    {
      "Package": {
        "Id": "UiPath.UIAutomation.Activities",
        "Version": "18.3.6877.28298"
      },
      "Assemblies": [
        "C:\\Users\\edwin36841!\\.nuget\\packages\\avalonedit/5.0.3\\lib/Net40/ICSharpCode.AvalonEdit.dll",
        "C:\\Users\\edwin36841!\\.nuget\\packages\\caliburn.micro/3.0.1\\lib/net45/Caliburn.Micro.Platform.Core.dll",
        "C:\\Users\\edwin36841!\\.nuget\\packages\\caliburn.micro/3.0.1\\lib/net45/Caliburn.Micro.Platform.dll",
        "C:\\Users\\edwin36841!\\.nuget\\packages\\caliburn.micro/3.0.1\\lib/net45/System.Windows.Interactivity.dll",
        "C:\\Users\\edwin36841!\\.nuget\\packages\\caliburn.micro.core/3.0.1\\lib/net45/Caliburn.Micro.dll",
        "C:\\Users\\edwin36841!\\.nuget\\packages\\extended.wpf.toolkit/2.8.0\\lib/net40/Xceed.Wpf.AvalonDock.dll",
        "C:\\Users\\edwin36841!\\.nuget\\packages\\extended.wpf.toolkit/2.8.0\\lib/net40/Xceed.Wpf.AvalonDock.Themes.Aero.dll",
        "C:\\Users\\edwin36841!\\.nuget\\packages\\extended.wpf.toolkit/2.8.0\\lib/net40/Xceed.Wpf.AvalonDock.Themes.Metro.dll",
        "C:\\Users\\edwin36841!\\.nuget\\packages\\extended.wpf.toolkit/2.8.0\\lib/net40/Xceed.Wpf.AvalonDock.Themes.VS2010.dll",
        "C:\\Users\\edwin36841!\\.nuget\\packages\\extended.wpf.toolkit/2.8.0\\lib/net40/Xceed.Wpf.DataGrid.dll",
        "C:\\Users\\edwin36841!\\.nuget\\packages\\extended.wpf.toolkit/2.8.0\\lib/net40/Xceed.Wpf.Toolkit.dll",
        "C:\\Users\\edwin36841!\\.nuget\\packages\\humanizer.core/2.4.2\\lib/netstandard2.0/Humanizer.dll",
        "C:\\Users\\edwin36841!\\.nuget\\packages\\uipath/9.0.6877.24355\\lib/UiPath.Interop.dll",
        "C:\\Users\\edwin36841!\\.nuget\\packages\\uipath.uiautomation.activities/18.3.6877.28298\\lib/net461/ActiproSoftware.Docking.Wpf.dll",
        "C:\\Users\\edwin36841!\\.nuget\\packages\\uipath.uiautomation.activities/18.3.6877.28298\\lib/net461/ActiproSoftware.Editors.Wpf.dll",
        "C:\\Users\\edwin36841!\\.nuget\\packages\\uipath.uiautomation.activities/18.3.6877.28298\\lib/net461/ActiproSoftware.Ribbon.Wpf.dll",
        "C:\\Users\\edwin36841!\\.nuget\\packages\\uipath.uiautomation.activities/18.3.6877.28298\\lib/net461/ActiproSoftware.Shared.Wpf.dll",
        "C:\\Users\\edwin36841!\\.nuget\\packages\\uipath.uiautomation.activities/18.3.6877.28298\\lib/net461/ActiproSoftware.SyntaxEditor.Addons.DotNet.Wpf.dll",
        "C:\\Users\\edwin36841!\\.nuget\\packages\\uipath.uiautomation.activities/18.3.6877.28298\\lib/net461/ActiproSoftware.SyntaxEditor.Wpf.dll",
        "C:\\Users\\edwin36841!\\.nuget\\packages\\uipath.uiautomation.activities/18.3.6877.28298\\lib/net461/ActiproSoftware.Text.Addons.DotNet.Wpf.dll",
        "C:\\Users\\edwin36841!\\.nuget\\packages\\uipath.uiautomation.activities/18.3.6877.28298\\lib/net461/ActiproSoftware.Text.LLParser.Wpf.dll",
        "C:\\Users\\edwin36841!\\.nuget\\packages\\uipath.uiautomation.activities/18.3.6877.28298\\lib/net461/ActiproSoftware.Text.Wpf.dll",
        "C:\\Users\\edwin36841!\\.nuget\\packages\\uipath.uiautomation.activities/18.3.6877.28298\\lib/net461/ActiproSoftware.Wizard.Wpf.dll",
        "C:\\Users\\edwin36841!\\.nuget\\packages\\uipath.uiautomation.activities/18.3.6877.28298\\lib/net461/UiPath.UIAutomation.Activities.Design.dll",
        "C:\\Users\\edwin36841!\\.nuget\\packages\\uipath.uiautomation.activities/18.3.6877.28298\\lib/net461/UiPath.UiAutomation.Activities.dll",
        "C:\\Users\\edwin36841!\\.nuget\\packages\\uipath.uiautomation.activities/18.3.6877.28298\\lib/net461/UiPath.Wizards.dll",
        "C:\\Users\\edwin36841!\\.nuget\\packages\\uipath.vision/1.1.0\\lib/net452/UiPath.Vision.Core.dll",
        "C:\\Users\\edwin36841!\\.nuget\\packages\\uipath.vision/1.1.0\\lib/net452/UiPath.Vision.dll",
        "C:\\Users\\edwin36841!\\.nuget\\packages\\uipath.vision/1.1.0\\lib/net452/UiPath.Vision.Package.dll"
      ]
    }
  ],
  "Conflicts": [],
  "ResolvedDependencies": {
    "AvalonEdit": {
      "Id": "AvalonEdit",
      "Version": "5.0.3",
      "Dependencies": []
    },
    "Caliburn.Micro": {
      "Id": "Caliburn.Micro",
      "Version": "3.0.1",
      "Dependencies": [
        {
          "Item1": "Caliburn.Micro.Core",
          "Item2": "[3.0.1, 3.0.1]"
        }
      ]
    },
    "Caliburn.Micro.Core": {
      "Id": "Caliburn.Micro.Core",
      "Version": "3.0.1",
      "Dependencies": []
    },
    "CsvHelper": {
      "Id": "CsvHelper",
      "Version": "2.13.5",
      "Dependencies": []
    },
    "Extended.Wpf.Toolkit": {
      "Id": "Extended.Wpf.Toolkit",
      "Version": "2.8.0",
      "Dependencies": []
    },
    "Humanizer.Core": {
      "Id": "Humanizer.Core",
      "Version": "2.4.2",
      "Dependencies": []
    },
    "Microsoft.Rest.ClientRuntime": {
      "Id": "Microsoft.Rest.ClientRuntime",
      "Version": "2.3.10",
      "Dependencies": [
        {
          "Item1": "Newtonsoft.Json",
          "Item2": "[6.0.8, )"
        }
      ]
    },
    "Newtonsoft.Json": {
      "Id": "Newtonsoft.Json",
      "Version": "10.0.3",
      "Dependencies": []
    },
    "UiPath": {
      "Id": "UiPath",
      "Version": "9.0.6877.24355",
      "Dependencies": []
    },
    "UiPath.System.Activities": {
      "Id": "UiPath.System.Activities",
      "Version": "18.3.6877.28276",
      "Dependencies": [
        {
          "Item1": "CsvHelper",
          "Item2": "[2.13.5, )"
        },
        {
          "Item1": "Microsoft.Rest.ClientRuntime",
          "Item2": "[2.3.10, )"
        },
        {
          "Item1": "Newtonsoft.Json",
          "Item2": "[10.0.3, )"
        }
      ]
    },
    "UiPath.UIAutomation.Activities": {
      "Id": "UiPath.UIAutomation.Activities",
      "Version": "18.3.6877.28298",
      "Dependencies": [
        {
          "Item1": "AvalonEdit",
          "Item2": "[5.0.3, )"
        },
        {
          "Item1": "Caliburn.Micro",
          "Item2": "[3.0.1, )"
        },
        {
          "Item1": "Extended.Wpf.Toolkit",
          "Item2": "[2.8.0, )"
        },
        {
          "Item1": "Humanizer.Core",
          "Item2": "[2.4.2, )"
        },
        {
          "Item1": "UiPath.Vision",
          "Item2": "[1.1.0, )"
        },
        {
          "Item1": "UiPath",
          "Item2": "[9.0.6877.24355, )"
        }
      ]
    },
    "UiPath.Vision": {
      "Id": "UiPath.Vision",
      "Version": "1.1.0",
      "Dependencies": []
    }
  }
}